{
  "code": {
    "n": 72,
    "mx": 36,
    "mz": 36
  },
  "noise": {
    "p": 0.03,
    "eta": 20.0,
    "pz": 0.02857142857142857,
    "px": 0.0014285714285714286
  },
  "test_shots": 5000,
  "bp": {
    "errors": 160,
    "ler": 0.032,
    "ler_ci_low": 0.027469558463827544,
    "ler_ci_high": 0.03724901055674593,
    "convergence_rate": 0.9862
  }
}