{
  "code": {
    "n": 72,
    "mx": 36,
    "mz": 36
  },
  "test_shots": 5000,
  "bp": {
    "errors": 4975,
    "ler": 0.995,
    "ler_ci_low": 0.9926290765274967,
    "ler_ci_high": 0.9966108985468968,
    "convergence_rate": 0.0
  },
  "gnn_bp": {
    "errors": 4981,
    "ler": 0.9962,
    "ler_ci_low": 0.994072271440611,
    "ler_ci_high": 0.9975658611491144,
    "convergence_rate": 0.0
  },
  "improvement_pct": -0.12060301507537477
}