{
  "code": {
    "n": 72,
    "mx": 36,
    "mz": 36
  },
  "test_shots": 5000,
  "bp": {
    "errors": 4878,
    "ler": 0.9756,
    "ler_ci_low": 0.9709444054164321,
    "ler_ci_high": 0.9795253564934298,
    "convergence_rate": 0.0
  }
}