{
  "code": {
    "n": 72,
    "mx": 36,
    "mz": 36
  },
  "noise": {
    "p": 0.02,
    "eta": 20.0,
    "pz": 0.01904761904761905,
    "px": 0.0009523809523809524
  },
  "test_shots": 5000,
  "bp": {
    "errors": 50,
    "ler": 0.01,
    "ler_ci_low": 0.007593772813946567,
    "ler_ci_high": 0.013158575092209418,
    "convergence_rate": 0.9948
  }
}