{
  "mode": "code_capacity",
  "code": {
    "n": 72,
    "mx": 36,
    "mz": 36
  },
  "noise": {
    "p": 0.01,
    "eta": 20.0,
    "pz": 0.009523809523809525,
    "px": 0.0004761904761904762
  },
  "test_shots": 10000,
  "elapsed_seconds": 320.2,
  "bp": {
    "errors": 11,
    "ler": 0.0011,
    "ler_ci_low": 0.0006143506542303221,
    "ler_ci_high": 0.0019688029200307855,
    "convergence_rate": 0.9991
  },
  "bposd": {
    "errors": 10,
    "ler": 0.001,
    "ler_ci_low": 0.0005432859864972464,
    "ler_ci_high": 0.0018399443874379962
  }
}