{
  "code": {
    "n": 72,
    "mx": 36,
    "mz": 36
  },
  "noise": {
    "p": 0.01,
    "eta": 20.0,
    "pz": 0.009523809523809525,
    "px": 0.0004761904761904762
  },
  "test_shots": 10000,
  "bp": {
    "errors": 11,
    "ler": 0.0011,
    "ler_ci_low": 0.0006143506542303221,
    "ler_ci_high": 0.0019688029200307855,
    "convergence_rate": 0.9991
  },
  "gnn_bp": {
    "errors": 8,
    "ler": 0.0008,
    "ler_ci_low": 0.0004054337198968799,
    "ler_ci_high": 0.0015779502533866333,
    "convergence_rate": 0.9992
  },
  "improvement_pct": 27.272727272727277
}