{
  "mode": "code_capacity",
  "code": {
    "n": 72,
    "mx": 36,
    "mz": 36
  },
  "noise": {
    "p": 0.02,
    "eta": 20.0,
    "pz": 0.01904761904761905,
    "px": 0.0009523809523809524
  },
  "test_shots": 5000,
  "elapsed_seconds": 445.0,
  "bp": {
    "errors": 92,
    "ler": 0.0184,
    "ler_ci_low": 0.01502773389063461,
    "ler_ci_high": 0.022511716622844416,
    "convergence_rate": 0.9894
  },
  "gnn_bp": {
    "errors": 97,
    "ler": 0.0194,
    "ler_ci_low": 0.015929606684229693,
    "ler_ci_high": 0.02360830842535922,
    "convergence_rate": 0.9948
  },
  "improvement_pct": -5.434782608695657,
  "bposd": {
    "errors": 98,
    "ler": 0.0196,
    "ler_ci_low": 0.016110299881331586,
    "ler_ci_high": 0.023827308147479305
  }
}