{
  "code": {
    "n": 72,
    "mx": 36,
    "mz": 36
  },
  "noise": {
    "p": 0.03,
    "eta": 20.0,
    "pz": 0.02857142857142857,
    "px": 0.0014285714285714286
  },
  "test_shots": 5000,
  "bp": {
    "errors": 303,
    "ler": 0.0606,
    "ler_ci_low": 0.054317868264735385,
    "ler_ci_high": 0.06755678820458083,
    "convergence_rate": 0.971
  },
  "gnn_bp": {
    "errors": 294,
    "ler": 0.0588,
    "ler_ci_low": 0.052611741775343814,
    "ler_ci_high": 0.06566567842097461,
    "convergence_rate": 0.9866
  },
  "improvement_pct": 2.970297029702975
}