{
  "task": "selfsupervised",
  "model": "TannerGNN",
  "num_epochs": 20,
  "batch_size": 128,
  "learning_rate": 0.001,
  "seed": 42,
  "W": 1,
  "num_train": 4000,
  "num_val": 500,
  "source_files": [
    "data/drift_train.npz"
  ],
  "train_losses": [
    0.2654735422693193,
    0.15896343905478716,
    0.14592126943171024,
    0.14689125772565603,
    0.14439328736625612,
    0.1333931516855955,
    0.13036645553074777,
    0.12925732810981572,
    0.12993434723466635,
    0.12920055235736072,
    0.1296053535770625,
    0.1296176037285477,
    0.12948180478997529,
    0.13010778464376926,
    0.1289855798240751,
    0.1292001148685813,
    0.12930583162233233,
    0.1297387129161507,
    0.1294931722804904,
    0.12975334585644305
  ],
  "val_losses": [
    0.19979960843920708,
    0.12995240651071072,
    0.1304902248084545,
    0.13063150271773338,
    0.12482243962585926,
    0.1203465424478054,
    0.11914882063865662,
    0.11907008104026318,
    0.11904211714863777,
    0.1189245916903019,
    0.11899854056537151,
    0.11894070915877819,
    0.11897265911102295,
    0.11888649314641953,
    0.11886920593678951,
    0.1189583521336317,
    0.11872830241918564,
    0.11970666237175465,
    0.11757184565067291,
    0.11894168704748154
  ],
  "best_val_loss": 0.11757184565067291,
  "final_model": "runs\\drift_train\\final_model.pt",
  "best_model": "runs\\drift_train\\best_model.pt"
}