{
  "mode": "code_capacity",
  "code": {
    "n": 72,
    "mx": 36,
    "mz": 36
  },
  "noise": {
    "p": 0.02,
    "eta": 20.0,
    "pz": 0.01904761904761905,
    "px": 0.0009523809523809524
  },
  "test_shots": 5000,
  "elapsed_seconds": 450.5,
  "bp": {
    "errors": 92,
    "ler": 0.0184,
    "ler_ci_low": 0.01502773389063461,
    "ler_ci_high": 0.022511716622844416,
    "convergence_rate": 0.9894
  },
  "gnn_bp": {
    "errors": 99,
    "ler": 0.0198,
    "ler_ci_low": 0.016291095598378512,
    "ler_ci_high": 0.024046205349654355,
    "convergence_rate": 0.9948
  },
  "improvement_pct": -7.608695652173923
}