{
  "task": "selfsupervised",
  "model": "TannerGNN",
  "num_epochs": 5,
  "batch_size": 256,
  "learning_rate": 0.001,
  "seed": 42,
  "W": 4,
  "num_train": 20000,
  "num_val": 2500,
  "source_files": [
    "data/medium_train.npz"
  ],
  "train_losses": [
    0.48766751455355295,
    0.4776391790637487,
    0.4780320487444914,
    0.47794065671631053,
    0.47803666357752644
  ],
  "val_losses": [
    0.4788282811641693,
    0.47898021042346955,
    0.4789802849292755,
    0.4787615567445755,
    0.47888405025005343
  ],
  "best_val_loss": 0.4787615567445755,
  "final_model": "runs\\medium_run\\final_model.pt",
  "best_model": "runs\\medium_run\\best_model.pt"
}