{
  "code": {
    "n": 72,
    "mx": 36,
    "mz": 36
  },
  "test_shots": 10000,
  "bp": {
    "errors": 3611,
    "ler": 0.3611,
    "ler_ci_low": 0.35174090536386826,
    "ler_ci_high": 0.3705657693835056,
    "convergence_rate": 0.4863
  }
}